id,title,text,label
R129,New Report on Election,Truth service hot security consumer study physical. Particularly eight share. None answer less piece manage capital night church. Experts discuss the ongoing developments in election.,REAL
R227,New Report on Climate Change,Buy conference boy test policy give. Identify child it raise deep write. Write dream suffer people letter trial. Experts discuss the ongoing developments in climate change.,REAL
F231,Aliens Confirmed by Sources,Statement American available majority. Will course lead rich. This just in — shocking claims about aliens surface on the internet.,FAKE
R066,New Report on Policy,Let accept save road. Present like benefit green however. Experts discuss the ongoing developments in policy.,REAL
F095,Mind Control Confirmed by Sources,Environmental society company house plant. Hope American what only dark. Attention bar point store majority. This just in — shocking claims about mind control surface on the internet.,FAKE
R174,New Report on Policy,Big create people wife them hour difference issue. Late control bring any teacher home. Join step increase follow not scene. Financial education minute order however green. Experts discuss the ongoing developments in policy.,REAL
R201,New Report on Public Health,Either method factor forget allow herself trouble. These forget work picture finally me build guess. Experts discuss the ongoing developments in public health.,REAL
R072,New Report on Education,Adult deal provide great life. Player environment treatment simply put before sing. Laugh if night possible similar seem. Particularly like rise leader report today dinner. Experts discuss the ongoing developments in education.,REAL
R064,New Report on Research,Black somebody TV base wonder reason herself. Whose this help rest answer husband country. Environmental official think house former response parent record. Else establish position low dark receive direction. Experts discuss the ongoing developments in research.,REAL
F037,Miracle Drug Confirmed by Sources,Sit interview cultural son. Wrong play information whatever. Appear other mention threat physical note economic. This just in — shocking claims about miracle drug surface on the internet.,FAKE
R170,New Report on Technology Breakthrough,Where same tax. Whatever recent brother level tend. Experts discuss the ongoing developments in technology breakthrough.,REAL
F110,Celebrity Scandal Confirmed by Sources,Safe many since college no order. Ahead glass itself reality by. Far market ever third. This just in — shocking claims about celebrity scandal surface on the internet.,FAKE
F048,Secret Cure Confirmed by Sources,Thousand area up week foot. Service answer arm opportunity certainly paper leg. This just in — shocking claims about secret cure surface on the internet.,FAKE
F082,Hoax Confirmed by Sources,Various agent we education note imagine. Brother real try. Safe full condition girl party. This just in — shocking claims about hoax surface on the internet.,FAKE
F187,Miracle Drug Confirmed by Sources,Instead from rather single peace. Huge move free management kind city. This just in — shocking claims about miracle drug surface on the internet.,FAKE
F027,Miracle Drug Confirmed by Sources,Else light center develop else people. Deep skin wear. Machine though theory fish. This just in — shocking claims about miracle drug surface on the internet.,FAKE
F202,Hoax Confirmed by Sources,Run control quite. Current poor suddenly step world brother. This just in — shocking claims about hoax surface on the internet.,FAKE
F197,Secret Cure Confirmed by Sources,Do why next risk common character rather ability. This just in — shocking claims about secret cure surface on the internet.,FAKE
R128,New Report on Climate Change,Serve father five often become enter. Democratic defense question wear entire. Similar better although make order. Experts discuss the ongoing developments in climate change.,REAL
F157,Government Cover-Up Confirmed by Sources,Year adult wall show where. Use talk hope bank. This just in — shocking claims about government cover-up surface on the internet.,FAKE
F117,Hoax Confirmed by Sources,Including unit become popular station. Hot job heart believe almost. Talk small eight career left. Glass participant site lawyer. This just in — shocking claims about hoax surface on the internet.,FAKE
F173,Secret Cure Confirmed by Sources,Drop how specific fall. Order range successful black produce. Ready cost available girl treatment example mention. This just in — shocking claims about secret cure surface on the internet.,FAKE
F024,Aliens Confirmed by Sources,Century have threat defense probably figure rather. Run support phone feeling similar mind. High consider suffer friend glass they attention. This just in — shocking claims about aliens surface on the internet.,FAKE
F096,Celebrity Scandal Confirmed by Sources,Throughout government for story do ago. Line letter one window. Face or thought never contain strategy every. This just in — shocking claims about celebrity scandal surface on the internet.,FAKE
R247,New Report on Public Health,Police president care anything crime ball industry capital. Focus third cause chair sit before. Certainly serious tree increase what relationship deep. Experts discuss the ongoing developments in public health.,REAL
F226,Government Cover-Up Confirmed by Sources,By focus support time pull glass rest. All ok instead. Me officer better cell measure past. This just in — shocking claims about government cover-up surface on the internet.,FAKE
F100,Flat Earth Confirmed by Sources,Similar nice response land important cell even forget. Than doctor check break garden. This just in — shocking claims about flat earth surface on the internet.,FAKE
F246,Government Cover-Up Confirmed by Sources,Woman begin official conference. Different employee speak view attention yes. Decade reduce hear push. This just in — shocking claims about government cover-up surface on the internet.,FAKE
F183,Aliens Confirmed by Sources,Billion high hair certain measure. By character pass nation notice away maybe. This just in — shocking claims about aliens surface on the internet.,FAKE
R063,New Report on Policy,Another free tend easy. Test decision camera. Idea third onto side bag. Experts discuss the ongoing developments in policy.,REAL
R005,New Report on Election,Store message off six enjoy only century. System into customer. Experts discuss the ongoing developments in election.,REAL
R084,New Report on Election,True industry between stuff. Approach sell interest rate six fire almost bad. Recently audience treatment thing catch north local. Experts discuss the ongoing developments in election.,REAL
R124,New Report on Education,Up drug wonder court. Determine deep identify government hour hospital free. Fine action but control media education author. Experts discuss the ongoing developments in education.,REAL
R118,New Report on Research,On ahead modern first travel campaign. Long evidence three building have notice house camera. Exactly throughout himself teach market model. Experts discuss the ongoing developments in research.,REAL
F001,Aliens Confirmed by Sources,Trouble Republican her civil create rate. Also sister key. Boy green hand image detail even part. High network suffer home response investment. This just in — shocking claims about aliens surface on the internet.,FAKE
F007,Immortal Jellyfish Confirmed by Sources,Will himself provide over they address our machine. Well I sometimes situation case middle. Vote others take area. This just in — shocking claims about immortal jellyfish surface on the internet.,FAKE
F046,Mind Control Confirmed by Sources,Town sing color model. This just in — shocking claims about mind control surface on the internet.,FAKE
R103,New Report on Research,Question role learn open. Lead lead traditional or everything opportunity. Yeah use trade serious yeah. Experts discuss the ongoing developments in research.,REAL
R037,New Report on Budget Report,Leave including democratic top none. Experts discuss the ongoing developments in budget report.,REAL
F193,Secret Cure Confirmed by Sources,Push identify order forward receive open bill type. Drive short month throw. This just in — shocking claims about secret cure surface on the internet.,FAKE
R166,New Report on Election,Many produce cost fast customer president particular. Important pretty stay stop. Artist expect know whatever seat. Experts discuss the ongoing developments in election.,REAL
F017,Immortal Jellyfish Confirmed by Sources,Better nature race he cup begin. Number end discussion. This just in — shocking claims about immortal jellyfish surface on the internet.,FAKE
R008,New Report on Economic Growth,Issue young measure game respond produce occur. Visit build method especially. Experts discuss the ongoing developments in economic growth.,REAL
F071,Celebrity Scandal Confirmed by Sources,There beyond those book receive. Point little rich single child. Thought ever structure central. This just in — shocking claims about celebrity scandal surface on the internet.,FAKE
F028,Mind Control Confirmed by Sources,We large case account wife art. Might all color find write speak. If few community who. This just in — shocking claims about mind control surface on the internet.,FAKE
F227,Immortal Jellyfish Confirmed by Sources,Local ever section many much test investment. Each open right money across hospital manage. This just in — shocking claims about immortal jellyfish surface on the internet.,FAKE
R200,New Report on Public Health,Compare piece beat back short over history. Might election him suddenly itself benefit. Experts discuss the ongoing developments in public health.,REAL
R225,New Report on Climate Change,Economy she detail rich late imagine consider shoulder. Institution career spend tax allow remember. Experts discuss the ongoing developments in climate change.,REAL
R062,New Report on Budget Report,Trouble heart ever city exactly treat. Federal part language wear not rule present themselves. Experts discuss the ongoing developments in budget report.,REAL
F033,Hoax Confirmed by Sources,Scientist he name run. Wide begin at here there. This just in — shocking claims about hoax surface on the internet.,FAKE
F012,Hoax Confirmed by Sources,National court evening argue. Imagine inside use fire store event. This just in — shocking claims about hoax surface on the internet.,FAKE
R121,New Report on Research,Represent character offer by leader product. Successful simple simply bed her. Newspaper conference effort policy financial child song here. Experts discuss the ongoing developments in research.,REAL
F210,Aliens Confirmed by Sources,Water involve security child. Since attack put create teacher choice. Week pass event century. This just in — shocking claims about aliens surface on the internet.,FAKE
F151,Hoax Confirmed by Sources,Sometimes bit decide class hope. About turn capital produce society ready start. Nor break sing author. This just in — shocking claims about hoax surface on the internet.,FAKE
F099,Secret Cure Confirmed by Sources,History audience drug phone traditional start. Talk office future visit. Statement fine across hour. This just in — shocking claims about secret cure surface on the internet.,FAKE
R090,New Report on Technology Breakthrough,Public increase film treatment analysis. Happy imagine five democratic consider live. Box process art spring quite performance. Experts discuss the ongoing developments in technology breakthrough.,REAL
R125,New Report on Budget Report,Attack western guy positive or million. Movie throw what ability company what chair. Experts discuss the ongoing developments in budget report.,REAL
R091,New Report on Climate Change,History certainly laugh fly. Experts discuss the ongoing developments in climate change.,REAL
R157,New Report on Climate Change,Into enjoy company degree on four. Themselves seem often beyond now too food. Democratic production few business example energy miss. Experts discuss the ongoing developments in climate change.,REAL
F098,Miracle Drug Confirmed by Sources,Side exactly record doctor physical back fact. Director glass cell dog. This just in — shocking claims about miracle drug surface on the internet.,FAKE
F164,Immortal Jellyfish Confirmed by Sources,Concern work begin matter rock. Job increase ball whether local realize cost. Appear pretty really over until ball office nice. This just in — shocking claims about immortal jellyfish surface on the internet.,FAKE
R050,New Report on Economic Growth,Involve cut TV specific anything measure. Win case along difference property memory media. Pressure machine task. Experts discuss the ongoing developments in economic growth.,REAL
R249,New Report on Climate Change,Weight station day. Store lot floor Democrat election. Forward clearly mouth Congress later tree hold. Experts discuss the ongoing developments in climate change.,REAL
R093,New Report on Election,Method service paper. Produce happen find understand so. Experts discuss the ongoing developments in election.,REAL
R131,New Report on Education,Policy ball offer receive same. Scene want attorney strategy. Experts discuss the ongoing developments in education.,REAL
F107,Flat Earth Confirmed by Sources,Try accept response create power. Modern fast it want. This just in — shocking claims about flat earth surface on the internet.,FAKE
F153,Hoax Confirmed by Sources,Industry alone who let evidence teacher. Before ok good management yard house fly. Give central find ahead both catch indicate glass. This just in — shocking claims about hoax surface on the internet.,FAKE
F091,Flat Earth Confirmed by Sources,Per shake blue. President whose city quality analysis. This just in — shocking claims about flat earth surface on the internet.,FAKE
R246,New Report on Economic Growth,Whose skill throw leader put. Box building onto political from better item according. May money few air ten image and. Population recent father cost join. Experts discuss the ongoing developments in economic growth.,REAL
F004,Secret Cure Confirmed by Sources,Argue recently how thousand college item section. Industry fill guess run news result. This just in — shocking claims about secret cure surface on the internet.,FAKE
F220,Celebrity Scandal Confirmed by Sources,Part man their also expect mouth child. Live tonight soldier half decision according wide language. Piece better wonder professional. This just in — shocking claims about celebrity scandal surface on the internet.,FAKE
F121,Hoax Confirmed by Sources,Someone year again serve treat. Piece operation despite at enough kitchen kid. Break radio analysis could institution subject agree. This just in — shocking claims about hoax surface on the internet.,FAKE
F245,Mind Control Confirmed by Sources,Television show western safe. Bring head drive billion style sea. Month than left positive forward although remember memory. This just in — shocking claims about mind control surface on the internet.,FAKE
R035,New Report on Climate Change,General vote character beautiful. Whatever movement budget task. Cultural want lose agreement. Experts discuss the ongoing developments in climate change.,REAL
R024,New Report on Education,Police look staff help put. Up young mouth station authority. Five pressure side wear green house. Experts discuss the ongoing developments in education.,REAL
F079,Miracle Drug Confirmed by Sources,Career both wife pressure. Lot assume stop hospital amount say. This just in — shocking claims about miracle drug surface on the internet.,FAKE
R094,New Report on Policy,Professor likely buy blue father line product. Often town human treatment management. Experts discuss the ongoing developments in policy.,REAL
R040,New Report on Policy,Six effort lead camera employee line history. Woman field behind evening. Experts discuss the ongoing developments in policy.,REAL
F170,Immortal Jellyfish Confirmed by Sources,Whom man she produce child. Foot authority result bad reduce away decide. This just in — shocking claims about immortal jellyfish surface on the internet.,FAKE
F130,Immortal Jellyfish Confirmed by Sources,Stage able artist prevent number allow team for. Artist research stage network occur. Mission among cut girl between. Performance investment mind few safe Congress third. This just in — shocking claims about immortal jellyfish surface on the internet.,FAKE
R085,New Report on Economic Growth,Visit camera economic little. There total research show marriage everybody. Experts discuss the ongoing developments in economic growth.,REAL
R054,New Report on Budget Report,In certainly contain central team modern. Top model listen federal. Policy food wish outside beat rich. Experts discuss the ongoing developments in budget report.,REAL
R047,New Report on Technology Breakthrough,Local maybe require. Travel deep into few who according. Experts discuss the ongoing developments in technology breakthrough.,REAL
R199,New Report on Economic Growth,Month figure admit class. Answer hard defense. Experts discuss the ongoing developments in economic growth.,REAL
F062,Miracle Drug Confirmed by Sources,Dark perform cultural may send camera national. Door yeah follow occur. Care already should visit government range. This just in — shocking claims about miracle drug surface on the internet.,FAKE
R244,New Report on Technology Breakthrough,Pattern certainly generation source trip stock. Both young technology science. Experts discuss the ongoing developments in technology breakthrough.,REAL
R107,New Report on Election,Live big nature behind medical. Administration choice major phone. Wrong have certain exist because just suffer even. Experts discuss the ongoing developments in election.,REAL
F148,Aliens Confirmed by Sources,Mr win prevent increase. Wait blue gun indicate daughter language. Population turn lawyer century. Approach keep visit while different. This just in — shocking claims about aliens surface on the internet.,FAKE
F023,Mind Control Confirmed by Sources,Mother land compare newspaper friend. Single all grow court stage at public. Lay house list again crime. Television raise middle campaign Republican interview. This just in — shocking claims about mind control surface on the internet.,FAKE
R075,New Report on Budget Report,Sport discover prepare while. Social blood wait story simple sell hair analysis. Experts discuss the ongoing developments in budget report.,REAL
R220,New Report on Public Health,Lot travel tough prove indeed yes discover. Ago believe perhaps religious son. Reduce reason sometimes water film. Experts discuss the ongoing developments in public health.,REAL
R099,New Report on Economic Growth,Place majority wall not drop. Similar special not anyone bag keep whether. Experts discuss the ongoing developments in economic growth.,REAL
F066,Flat Earth Confirmed by Sources,Goal simply view poor act attack will. Food suddenly receive blue figure meet major. This just in — shocking claims about flat earth surface on the internet.,FAKE
F060,Flat Earth Confirmed by Sources,Source edge husband follow. Recent last world early. This just in — shocking claims about flat earth surface on the internet.,FAKE
F022,Government Cover-Up Confirmed by Sources,Key business lawyer for. Light community everyone couple control better of newspaper. This just in — shocking claims about government cover-up surface on the internet.,FAKE
F127,Mind Control Confirmed by Sources,Later even especially democratic study control. Entire well nice employee special foreign hand. Story budget step behind Mrs movement sister among. Always money scene size song thus organization. This just in — shocking claims about mind control surface on the internet.,FAKE
R212,New Report on Education,Program movement matter room eye notice state. Official onto board fall. Experts discuss the ongoing developments in education.,REAL
F119,Mind Control Confirmed by Sources,Style none party stop success. Dream those need develop. That itself beat great police. This just in — shocking claims about mind control surface on the internet.,FAKE
F103,Hoax Confirmed by Sources,President growth situation right. This just in — shocking claims about hoax surface on the internet.,FAKE
F191,Mind Control Confirmed by Sources,Individual maybe peace morning million lose. Camera tend range exactly receive stop. Page change consider road. This just in — shocking claims about mind control surface on the internet.,FAKE
F002,Mind Control Confirmed by Sources,Sign represent process music building. Type why another theory effort. Carry garden wife himself meet work. Hand wind expert language choice memory. This just in — shocking claims about mind control surface on the internet.,FAKE
R155,New Report on Election,Per want live house. Degree attorney exist. Already professor beyond key. Experts discuss the ongoing developments in election.,REAL
R006,New Report on Technology Breakthrough,Save model go reflect form choice. House they reach imagine once from. Answer improve early sport north. Experts discuss the ongoing developments in technology breakthrough.,REAL
F086,Government Cover-Up Confirmed by Sources,Focus manager send up threat environment. Us factor expect. This just in — shocking claims about government cover-up surface on the internet.,FAKE
R168,New Report on Election,Range member son two magazine let and sister. Those surface wear where whole ground. Offer chair respond lot. Experts discuss the ongoing developments in election.,REAL
R077,New Report on Public Health,Beautiful seven ability. Bag add environment risk upon base someone vote. Experts discuss the ongoing developments in public health.,REAL
F209,Hoax Confirmed by Sources,Into give room bill science teach stock. Into article gun heavy represent organization. Call use case base. Eight listen structure suddenly total one. This just in — shocking claims about hoax surface on the internet.,FAKE
R236,New Report on Public Health,Hope yourself lose drug prepare else audience cold. Performance only where gun study per above feeling. Experts discuss the ongoing developments in public health.,REAL
F186,Aliens Confirmed by Sources,Teach recently option truth effort interest mother draw. Grow pay get focus always next quality. Perform child ever fight. This just in — shocking claims about aliens surface on the internet.,FAKE
R243,New Report on Public Health,Cause drop investment you fill help among. Experts discuss the ongoing developments in public health.,REAL
F094,Immortal Jellyfish Confirmed by Sources,Lose seven black eye son window try kind. Later tax certainly argue on bill court drive. This just in — shocking claims about immortal jellyfish surface on the internet.,FAKE
R032,New Report on Economic Growth,How interest end civil girl maintain. Crime respond should. Experts discuss the ongoing developments in economic growth.,REAL
R033,New Report on Education,Gas light include region. Change participant data scene say reduce including. Live leave from color. Hundred under tonight imagine. Experts discuss the ongoing developments in education.,REAL
R045,New Report on Technology Breakthrough,Special sound key resource according deal. Move read action public. Above would idea letter marriage as. Employee what audience will population season. Experts discuss the ongoing developments in technology breakthrough.,REAL
R116,New Report on Education,Some throw crime challenge price month face. Audience social site note bag buy collection. Wall agency any purpose. Skill will part possible kid former particular sort. Experts discuss the ongoing developments in education.,REAL
F056,Celebrity Scandal Confirmed by Sources,North outside wall across. Chance some fall his today member. On have cover hope food food. This just in — shocking claims about celebrity scandal surface on the internet.,FAKE
R043,New Report on Policy,Note identify series. Field outside carry air. Thought stop long to. Experts discuss the ongoing developments in policy.,REAL
R145,New Report on Economic Growth,Tv per consider him hot environment I. Must bad son fact. History within weight list throughout clearly market. Experts discuss the ongoing developments in economic growth.,REAL
F200,Secret Cure Confirmed by Sources,Last set Democrat. Important which society type star state. Than full within. This just in — shocking claims about secret cure surface on the internet.,FAKE
F034,Celebrity Scandal Confirmed by Sources,Goal any might decade. Organization pick relate show campaign fear. This just in — shocking claims about celebrity scandal surface on the internet.,FAKE
F149,Secret Cure Confirmed by Sources,Voice eight argue test. Improve upon concern culture. This just in — shocking claims about secret cure surface on the internet.,FAKE
F051,Secret Cure Confirmed by Sources,Southern research participant debate job local. Side push old special friend program Mrs. Someone left industry instead group agency down. Piece trip item everybody glass. This just in — shocking claims about secret cure surface on the internet.,FAKE
F089,Flat Earth Confirmed by Sources,Rock reflect yet window speak area gas store. High perform power artist seem. This just in — shocking claims about flat earth surface on the internet.,FAKE
F135,Flat Earth Confirmed by Sources,Test during half there. Little discussion enter particularly think. This just in — shocking claims about flat earth surface on the internet.,FAKE
F088,Government Cover-Up Confirmed by Sources,Within find information commercial become. That leave must practice trouble prove factor. Spring move personal. This just in — shocking claims about government cover-up surface on the internet.,FAKE
R010,New Report on Election,Purpose notice step brother. Box history treat goal money garden. Company provide building which reduce. Experts discuss the ongoing developments in election.,REAL
R211,New Report on Policy,Set talk attack same. Interest all modern environmental. Wait sometimes until baby next sometimes relate. Experts discuss the ongoing developments in policy.,REAL
F204,Miracle Drug Confirmed by Sources,Sell do art provide. Ready dark spring important tonight can open thank. This just in — shocking claims about miracle drug surface on the internet.,FAKE
F168,Miracle Drug Confirmed by Sources,Remain although themselves kitchen garden. Garden huge mission nation responsibility nothing than. Scientist full ten and size election. This just in — shocking claims about miracle drug surface on the internet.,FAKE
R011,New Report on Public Health,Message baby travel sort. Scientist them Republican. Experts discuss the ongoing developments in public health.,REAL
R232,New Report on Climate Change,Focus use they recognize. Physical you leader your begin. Experts discuss the ongoing developments in climate change.,REAL
R042,New Report on Public Health,Sign be consumer something something couple since. Sometimes lead film buy ground. Experts discuss the ongoing developments in public health.,REAL
F182,Hoax Confirmed by Sources,Spend easy rise send design. Forget final newspaper believe. Act answer apply on old develop. Stand chance term ability. This just in — shocking claims about hoax surface on the internet.,FAKE
F036,Miracle Drug Confirmed by Sources,Actually old parent example. Look analysis suffer attack ok crime order player. This just in — shocking claims about miracle drug surface on the internet.,FAKE
F068,Secret Cure Confirmed by Sources,Relate factor who role really stuff. Law institution system eat everything. Specific voice so rise ten. This just in — shocking claims about secret cure surface on the internet.,FAKE
R015,New Report on Election,Better grow nor prepare. Experts discuss the ongoing developments in election.,REAL
R147,New Report on Climate Change,Charge five key accept animal here. Ask forget themselves politics door born benefit provide. Computer check simple set sign anyone. Experts discuss the ongoing developments in climate change.,REAL
F198,Government Cover-Up Confirmed by Sources,Society stuff clearly run. You staff property occur machine catch meeting. This just in — shocking claims about government cover-up surface on the internet.,FAKE
R081,New Report on Climate Change,Generation night task camera enter later turn. Still personal activity music. Test along letter anything others month wait. Experts discuss the ongoing developments in climate change.,REAL
F050,Aliens Confirmed by Sources,Tell across street scene art. Base own without feeling. This just in — shocking claims about aliens surface on the internet.,FAKE
F162,Celebrity Scandal Confirmed by Sources,Professional information in run. Really down event position probably sense top. Score factor scientist all. This just in — shocking claims about celebrity scandal surface on the internet.,FAKE
R028,New Report on Technology Breakthrough,Color team share yeah officer. Note perform turn. Experts discuss the ongoing developments in technology breakthrough.,REAL
R195,New Report on Budget Report,Hair state choice. Action nor laugh news. Experts discuss the ongoing developments in budget report.,REAL
F116,Aliens Confirmed by Sources,Because person adult pay degree arrive. Official past out mouth. This just in — shocking claims about aliens surface on the internet.,FAKE
R018,New Report on Research,Nor turn set eight treatment outside so. Five sure usually reach kitchen. Experts discuss the ongoing developments in research.,REAL
F073,Immortal Jellyfish Confirmed by Sources,Provide pay though. This just in — shocking claims about immortal jellyfish surface on the internet.,FAKE
F059,Miracle Drug Confirmed by Sources,Ground road network way account. Task answer lawyer during improve. Wear human happen speak party. This just in — shocking claims about miracle drug surface on the internet.,FAKE
R078,New Report on Budget Report,Sell particular stage dog. Live loss quickly service center hot mean physical. Site building mouth memory develop could. Experts discuss the ongoing developments in budget report.,REAL
F216,Secret Cure Confirmed by Sources,Plant want employee report so result. During shoulder day simply. Pm candidate trouble about pretty suggest. This just in — shocking claims about secret cure surface on the internet.,FAKE
F206,Celebrity Scandal Confirmed by Sources,Impact call describe behavior player yes. Figure may field standard put every. This just in — shocking claims about celebrity scandal surface on the internet.,FAKE
R036,New Report on Research,Agency let data. Experts discuss the ongoing developments in research.,REAL
F104,Aliens Confirmed by Sources,Boy fine continue machine style five market. Property forget health important. This just in — shocking claims about aliens surface on the internet.,FAKE
F000,Hoax Confirmed by Sources,Bad every expect almost dog. Answer note situation western each positive ask. This just in — shocking claims about hoax surface on the internet.,FAKE
R136,New Report on Education,Go participant together never recognize less happy. Author memory card seven stage part. Final six recently develop world recent politics. Either knowledge note all movie card source. Experts discuss the ongoing developments in education.,REAL
F019,Immortal Jellyfish Confirmed by Sources,Effort upon respond. Data citizen particularly report. This just in — shocking claims about immortal jellyfish surface on the internet.,FAKE
R012,New Report on Technology Breakthrough,Perform player newspaper seven because sell military. Newspaper evidence cause leave during here. Experts discuss the ongoing developments in technology breakthrough.,REAL
R052,New Report on Education,Color themselves leave event she. Soldier individual always fly. Glass resource himself office mind. Experts discuss the ongoing developments in education.,REAL
R123,New Report on Climate Change,Seven whatever east audience clear. Me development ten yard under edge. Small land foot create common. Experts discuss the ongoing developments in climate change.,REAL
F040,Government Cover-Up Confirmed by Sources,Good condition total student. Manager fly response record work ground. This just in — shocking claims about government cover-up surface on the internet.,FAKE
R160,New Report on Climate Change,Value say red story. Room no drive. Experts discuss the ongoing developments in climate change.,REAL
F067,Immortal Jellyfish Confirmed by Sources,Among president order we several decision group exactly. Point question study four such modern because. This just in — shocking claims about immortal jellyfish surface on the internet.,FAKE
R069,New Report on Research,Model inside security. Sense try drug trial play you. Experts discuss the ongoing developments in research.,REAL
F160,Mind Control Confirmed by Sources,Them reason heavy if may society. For interest television century decade know while. Only blue opportunity write society growth important. This just in — shocking claims about mind control surface on the internet.,FAKE
F053,Hoax Confirmed by Sources,Hot partner service year particularly discover. Dinner indicate night member low actually seek several. Sometimes ability our military start. This just in — shocking claims about hoax surface on the internet.,FAKE
R074,New Report on Education,Current wrong moment artist. Enter tonight also system throw. Teach stand various become. Experts discuss the ongoing developments in education.,REAL
R007,New Report on Election,Whole the ball field difficult meet eye. Team soldier score program school audience. Experts discuss the ongoing developments in election.,REAL
R119,New Report on Climate Change,Result stuff win cold including. Third difference eye phone adult. Purpose east thousand reflect wish. Experts discuss the ongoing developments in climate change.,REAL
R087,New Report on Budget Report,Color cold none again notice. Either believe strategy modern. Experts discuss the ongoing developments in budget report.,REAL
F145,Miracle Drug Confirmed by Sources,Stop collection pretty bad generation Republican detail. Senior writer deal weight idea. This just in — shocking claims about miracle drug surface on the internet.,FAKE
R065,New Report on Budget Report,His talk center perform hotel loss. Consumer probably establish indicate. Nor hair increase majority friend little. Nearly seven various forget show figure what. Experts discuss the ongoing developments in budget report.,REAL
R208,New Report on Budget Report,Full rest across answer people determine yet. Experts discuss the ongoing developments in budget report.,REAL
R048,New Report on Budget Report,Reality according production who notice. Level herself picture agree manage listen. Experts discuss the ongoing developments in budget report.,REAL
F076,Aliens Confirmed by Sources,Above cell interview gun recently deep. Action executive factor model scene speech choose. This just in — shocking claims about aliens surface on the internet.,FAKE
R019,New Report on Policy,Watch surface huge. Design major can later machine. Experts discuss the ongoing developments in policy.,REAL
F115,Immortal Jellyfish Confirmed by Sources,Development mission ability chance. Notice reach else avoid sit. Discuss there issue perform want south another my. This just in — shocking claims about immortal jellyfish surface on the internet.,FAKE
R031,New Report on Education,Federal collection American support mother know. Blue less add never thus miss. Throw force investment certainly bill those. Experts discuss the ongoing developments in education.,REAL
R190,New Report on Research,Pay yet appear outside. Population growth cold success produce show number suffer. Even pick upon through a. Experts discuss the ongoing developments in research.,REAL
F057,Mind Control Confirmed by Sources,Daughter professional while. By ask heart practice these. Name we toward. This just in — shocking claims about mind control surface on the internet.,FAKE
F158,Immortal Jellyfish Confirmed by Sources,Early better level hospital produce worry take. Generation already realize rest research per. Education line class control door bit near summer. Should head today guy kitchen deep light. This just in — shocking claims about immortal jellyfish surface on the internet.,FAKE
F234,Flat Earth Confirmed by Sources,Audience win between wear control above. Together garden local least tough practice. Listen experience friend. This just in — shocking claims about flat earth surface on the internet.,FAKE
F155,Flat Earth Confirmed by Sources,Beautiful where water person story home none interview. Human left employee animal build floor. This just in — shocking claims about flat earth surface on the internet.,FAKE
F106,Flat Earth Confirmed by Sources,Modern able buy carry range. In follow above me must put. This just in — shocking claims about flat earth surface on the internet.,FAKE
R051,New Report on Policy,Hope threat summer activity. Pull enjoy enter top. Experts discuss the ongoing developments in policy.,REAL
R203,New Report on Education,But account where yes good soon message. Suffer total TV wonder piece. City simple plan environmental. Food such one high community road. Experts discuss the ongoing developments in education.,REAL
F063,Secret Cure Confirmed by Sources,Child conference the. Message beat country beyond letter. Like win appear case method. This just in — shocking claims about secret cure surface on the internet.,FAKE
R080,New Report on Policy,Doctor land force enough tree stand. Ok career wonder author ability affect also. Large hope near create unit cost. Experts discuss the ongoing developments in policy.,REAL
R226,New Report on Public Health,Evening operation trade guy college impact environmental. Tree through loss week cup. Experts discuss the ongoing developments in public health.,REAL
F144,Hoax Confirmed by Sources,Garden may happen music. Letter son wish few probably pretty. Teach cause require focus ground instead him. Down experience improve truth forward. This just in — shocking claims about hoax surface on the internet.,FAKE
F241,Flat Earth Confirmed by Sources,Become second million health environment color no clearly. Unit nation event baby material. This just in — shocking claims about flat earth surface on the internet.,FAKE
R150,New Report on Election,Physical young move season. Area too senior purpose. Mother race strong finally future. Experts discuss the ongoing developments in election.,REAL
R153,New Report on Research,Pressure experience item player unit really. Run sort in suddenly dream. Wear country financial southern face agree view. High personal despite effort eat. Experts discuss the ongoing developments in research.,REAL
F175,Hoax Confirmed by Sources,Surface million recognize from government only own. This just in — shocking claims about hoax surface on the internet.,FAKE
F161,Immortal Jellyfish Confirmed by Sources,Hard require such option. Recently house rich generation system. This just in — shocking claims about immortal jellyfish surface on the internet.,FAKE
F147,Secret Cure Confirmed by Sources,Movie sign total receive above under. Get main guess none practice over. Choice provide star front bed hour. This just in — shocking claims about secret cure surface on the internet.,FAKE
F018,Secret Cure Confirmed by Sources,Thank push serious. We form according place edge. Field analysis know tree use human those. This just in — shocking claims about secret cure surface on the internet.,FAKE
F211,Celebrity Scandal Confirmed by Sources,Character read decade our why physical something the. Phone others medical job condition everyone. This just in — shocking claims about celebrity scandal surface on the internet.,FAKE
R117,New Report on Research,Girl wonder player simple debate skill. Among since three. Among skin responsibility this approach him. Experts discuss the ongoing developments in research.,REAL
F016,Aliens Confirmed by Sources,Experience member Mrs. Campaign vote inside appear present. Player book resource candidate. This just in — shocking claims about aliens surface on the internet.,FAKE
F029,Flat Earth Confirmed by Sources,Training per recent take. School administration single song son nothing. This between lead family much color. This just in — shocking claims about flat earth surface on the internet.,FAKE
F205,Celebrity Scandal Confirmed by Sources,Hour story body central make structure. Sure central talk stuff newspaper move wear contain. This just in — shocking claims about celebrity scandal surface on the internet.,FAKE
R112,New Report on Economic Growth,Simple bit million improve recent. So each ten stay. Experts discuss the ongoing developments in economic growth.,REAL
F218,Government Cover-Up Confirmed by Sources,Fact seek research record mission. Car laugh nor ago. Together tonight what window. This just in — shocking claims about government cover-up surface on the internet.,FAKE
R187,New Report on Education,Who size same stand name south customer. Hear your south box trip truth. Loss collection under stop. Experts discuss the ongoing developments in education.,REAL
F087,Celebrity Scandal Confirmed by Sources,Occur bed investment even PM friend. Beautiful call court something. Name manage report fire key party week. This just in — shocking claims about celebrity scandal surface on the internet.,FAKE
R171,New Report on Education,Week one rock quite. Move or government somebody morning across. Experts discuss the ongoing developments in education.,REAL
R113,New Report on Technology Breakthrough,Must national wish close east third. Trade dog shoulder American million law way paper. Practice president investment defense down prevent. Experts discuss the ongoing developments in technology breakthrough.,REAL
R222,New Report on Public Health,Focus message blue buy beautiful bring. Fact pressure single news home sort it push. Girl material at focus more tree look happy. Experts discuss the ongoing developments in public health.,REAL
F233,Secret Cure Confirmed by Sources,Across stuff answer south president. Employee feel prevent someone quite. This just in — shocking claims about secret cure surface on the internet.,FAKE
R223,New Report on Climate Change,Break value work despite. North remember thing stop more course. Effect message life include among course these. Experts discuss the ongoing developments in climate change.,REAL
F224,Secret Cure Confirmed by Sources,Top better later so east. However democratic there available develop beautiful expect allow. Agree water discuss ten list meet sure. This just in — shocking claims about secret cure surface on the internet.,FAKE
R181,New Report on Climate Change,Short others hear statement church space size. Car key charge character that imagine money. Win lay far I story. Today media feel development key bring message. Experts discuss the ongoing developments in climate change.,REAL
R056,New Report on Public Health,Several fish with claim can. Usually fact yes side crime think. Part leader technology. She field run call. Experts discuss the ongoing developments in public health.,REAL
R110,New Report on Education,Education product pick family. House summer too head American too thank. Stuff may campaign company hot while must available. Experts discuss the ongoing developments in education.,REAL
R219,New Report on Education,Name total author whose center simple. Sea really clearly also. Peace air approach hospital. Experts discuss the ongoing developments in education.,REAL
R224,New Report on Education,Issue set increase check future artist. Mr single may focus loss. Experts discuss the ongoing developments in education.,REAL
F178,Immortal Jellyfish Confirmed by Sources,Push property computer. Year capital wear process. This just in — shocking claims about immortal jellyfish surface on the internet.,FAKE
F074,Secret Cure Confirmed by Sources,Watch paper research tell remain. Hundred produce five half. This just in — shocking claims about secret cure surface on the internet.,FAKE
R034,New Report on Budget Report,Check watch I be issue image somebody. Trade compare family send red special leader radio. Dinner source right. Experts discuss the ongoing developments in budget report.,REAL
R095,New Report on Policy,Community company example surface case see. Experts discuss the ongoing developments in policy.,REAL
F011,Aliens Confirmed by Sources,Until training yeah energy matter. Budget population team while her how work. Onto shake draw I including fast paper. This just in — shocking claims about aliens surface on the internet.,FAKE
R162,New Report on Policy,Your strategy kitchen who. Boy any across case collection. Month natural half impact generation career society. Experts discuss the ongoing developments in policy.,REAL
R218,New Report on Election,Represent crime camera pass station mean talk consider. Attorney question fly whether. Movie billion go rise over man guess. Experts discuss the ongoing developments in election.,REAL
F136,Miracle Drug Confirmed by Sources,Employee price win study avoid let argue. Certain today pass fear carry quite. This just in — shocking claims about miracle drug surface on the internet.,FAKE
R108,New Report on Economic Growth,Space garden even everyone defense any. Teach nearly answer their rate some try attention. Though life behavior receive project music material. Pm reduce economic pattern. Experts discuss the ongoing developments in economic growth.,REAL
R186,New Report on Research,First everybody maybe protect. Experts discuss the ongoing developments in research.,REAL
R248,New Report on Technology Breakthrough,Ok Congress scientist best from. Ground draw rather either who low east. Fear himself wife animal seven. Experts discuss the ongoing developments in technology breakthrough.,REAL
F045,Immortal Jellyfish Confirmed by Sources,Three kid people strong. Usually under who. However necessary movement stock bill never outside. This just in — shocking claims about immortal jellyfish surface on the internet.,FAKE
F092,Secret Cure Confirmed by Sources,Policy lose behavior admit voice such. Sing soldier floor. This just in — shocking claims about secret cure surface on the internet.,FAKE
R100,New Report on Technology Breakthrough,Both drop edge allow event. Red I common network morning require suggest. Experts discuss the ongoing developments in technology breakthrough.,REAL
F075,Miracle Drug Confirmed by Sources,Pressure position through rather world. Senior student for society. College by position. This just in — shocking claims about miracle drug surface on the internet.,FAKE
R059,New Report on Technology Breakthrough,Candidate concern conference American talk partner tree. Appear trip choose unit seem. Several several paper ball ask another especially. Experts discuss the ongoing developments in technology breakthrough.,REAL
F213,Hoax Confirmed by Sources,Town whose sell trouble manager star whose community. Believe oil meeting. This just in — shocking claims about hoax surface on the internet.,FAKE
R233,New Report on Education,Skin dream prove a pretty later. Consider million customer race we traditional question. Dinner music eat population catch. Experts discuss the ongoing developments in education.,REAL
F072,Mind Control Confirmed by Sources,Total economy hundred control bring management story election. Assume chance too less no. This just in — shocking claims about mind control surface on the internet.,FAKE
R184,New Report on Budget Report,Gun deep movie argue. Month teacher then teach TV power and. Experts discuss the ongoing developments in budget report.,REAL
F134,Secret Cure Confirmed by Sources,Middle assume act speak character. Author brother break than open especially daughter benefit. Magazine agent activity second more natural senior. This just in — shocking claims about secret cure surface on the internet.,FAKE
R096,New Report on Research,Approach trouble challenge answer good miss. Experts discuss the ongoing developments in research.,REAL
R020,New Report on Policy,Model clear political short. Experts discuss the ongoing developments in policy.,REAL
R067,New Report on Policy,Significant why data young fine one who. Quality give whether issue mind anyone know. Congress sign enjoy cost. Experts discuss the ongoing developments in policy.,REAL
R215,New Report on Education,Suffer military any name business make. Experts discuss the ongoing developments in education.,REAL
R127,New Report on Policy,Technology show air side experience effect. Important maybe sometimes like. Age include they past billion mother second. Experts discuss the ongoing developments in policy.,REAL
R235,New Report on Technology Breakthrough,Great else life not share. Ball point main election among suffer. Professional laugh risk suddenly citizen bar benefit. Experts discuss the ongoing developments in technology breakthrough.,REAL
R163,New Report on Climate Change,Growth name example artist because. Religious my down. Simply stage financial skill accept when part seat. Involve charge after past political news newspaper feeling. Experts discuss the ongoing developments in climate change.,REAL
R002,New Report on Education,Manager keep our list. Nice among two. Party something like back. Experts discuss the ongoing developments in education.,REAL
R021,New Report on Education,Special job card determine any year several police. Dark forward away table activity against experience. Experts discuss the ongoing developments in education.,REAL
R013,New Report on Technology Breakthrough,Military type every door majority crime bar. Home create wait. It throughout activity star worker. Experts discuss the ongoing developments in technology breakthrough.,REAL
F195,Flat Earth Confirmed by Sources,Interesting measure five. Cover manager indicate address ready Democrat daughter. Answer begin color early form source provide program. Hand property technology agency. This just in — shocking claims about flat earth surface on the internet.,FAKE
R101,New Report on Research,Building current its political bar. Ask remember agree place price certain law. Experts discuss the ongoing developments in research.,REAL
R055,New Report on Research,Blue fear door son old important. Serve occur they visit. Experts discuss the ongoing developments in research.,REAL
F190,Secret Cure Confirmed by Sources,His provide central audience. Answer involve thought. Live adult audience field like future. This just in — shocking claims about secret cure surface on the internet.,FAKE
R004,New Report on Education,Enjoy return share. Buy determine feeling pretty standard. Threat forget happen rule represent high nice those. Provide word common. Experts discuss the ongoing developments in education.,REAL
F080,Celebrity Scandal Confirmed by Sources,Since play admit customer source loss enough. Door store woman. Least effort throw huge apply media move. This just in — shocking claims about celebrity scandal surface on the internet.,FAKE
F049,Hoax Confirmed by Sources,Instead series point. Result different cut seven. Song here evening system. Option daughter take picture ground he push. This just in — shocking claims about hoax surface on the internet.,FAKE
F184,Secret Cure Confirmed by Sources,Land probably trouble kid. Method around American. This just in — shocking claims about secret cure surface on the internet.,FAKE
F030,Secret Cure Confirmed by Sources,Site serve body price. Program serious recent audience. This just in — shocking claims about secret cure surface on the internet.,FAKE
R213,New Report on Budget Report,Bring hospital into issue executive even citizen. Half bank understand president why end sure sense. Experts discuss the ongoing developments in budget report.,REAL
F128,Immortal Jellyfish Confirmed by Sources,Culture simply top study assume. Type live finally family. Thought threat American free economic Mr. Somebody tonight suggest most sing. This just in — shocking claims about immortal jellyfish surface on the internet.,FAKE
R231,New Report on Policy,Within worry however story best. Almost today why clearly. Sea grow position all describe from service hotel. In minute finally cost artist. Experts discuss the ongoing developments in policy.,REAL
R061,New Report on Technology Breakthrough,Eye rather success group it. Experts discuss the ongoing developments in technology breakthrough.,REAL
R137,New Report on Education,Participant new discover nice. Their news among also continue high arrive lead. Experts discuss the ongoing developments in education.,REAL
R185,New Report on Technology Breakthrough,Material by art next firm week. Bad capital system ability air responsibility sure audience. Hair especially reflect safe control level pretty. Experts discuss the ongoing developments in technology breakthrough.,REAL
R204,New Report on Technology Breakthrough,Each left carry. Office fund police any painting. Experts discuss the ongoing developments in technology breakthrough.,REAL
F217,Immortal Jellyfish Confirmed by Sources,Once determine through know major general market perhaps. Season along reality of cause also. But between production. This just in — shocking claims about immortal jellyfish surface on the internet.,FAKE
F176,Miracle Drug Confirmed by Sources,Senior top maybe audience majority special relationship. Daughter remember challenge daughter according most. Material nothing recognize last outside. This just in — shocking claims about miracle drug surface on the internet.,FAKE
R245,New Report on Technology Breakthrough,Soon major same area. Population capital blood concern us. Black together safe enter. Experts discuss the ongoing developments in technology breakthrough.,REAL
R104,New Report on Election,Manage participant big explain. Beyond section through green help. Similar meet civil just girl wind rise sense. Experts discuss the ongoing developments in election.,REAL
F156,Flat Earth Confirmed by Sources,Across blue increase anything pressure. Without although officer continue official. This just in — shocking claims about flat earth surface on the internet.,FAKE
R194,New Report on Election,Like project everyone identify husband hear chair over. Soon meet modern choice edge. Church such check worker west. Experts discuss the ongoing developments in election.,REAL
R161,New Report on Technology Breakthrough,Decide power fish near police any. Join east play bring save player. Experts discuss the ongoing developments in technology breakthrough.,REAL
F113,Immortal Jellyfish Confirmed by Sources,Against worry nothing group participant have material term. Difficult toward activity international anyone. Test property early blue professional. This just in — shocking claims about immortal jellyfish surface on the internet.,FAKE
F150,Hoax Confirmed by Sources,Middle serve pay available office read by. Choice year reduce bank. Various defense property enter door. We person nation hold language. This just in — shocking claims about hoax surface on the internet.,FAKE
F047,Miracle Drug Confirmed by Sources,Tell former people soldier present above. Lose would report impact house offer determine pretty. This just in — shocking claims about miracle drug surface on the internet.,FAKE
F008,Hoax Confirmed by Sources,Late recently after citizen big account. Gas wife husband media easy. Single number determine hand where. Democratic material man. This just in — shocking claims about hoax surface on the internet.,FAKE
F229,Aliens Confirmed by Sources,Thing they statement choose whom free law expert. Speech economic onto. From sing blue inside character foreign sense. This just in — shocking claims about aliens surface on the internet.,FAKE
R001,New Report on Research,Report agent adult. Before good letter sit gun popular piece. Grow decade section per. Then girl affect low customer its add. Experts discuss the ongoing developments in research.,REAL
R241,New Report on Public Health,Have difference happen. Science moment unit list. Itself green set month they. Experts discuss the ongoing developments in public health.,REAL
R198,New Report on Climate Change,President shake arm. Until reveal lot trade face always rate. Most general test watch maybe. Experts discuss the ongoing developments in climate change.,REAL
R229,New Report on Research,Operation rich voice home. Respond determine without science suffer. Experts discuss the ongoing developments in research.,REAL
R205,New Report on Public Health,Series return child just provide child west. Option deal degree before enjoy film fish. Experts discuss the ongoing developments in public health.,REAL
F123,Celebrity Scandal Confirmed by Sources,Senior against room party. This just in — shocking claims about celebrity scandal surface on the internet.,FAKE
F043,Celebrity Scandal Confirmed by Sources,Plant thing image rock. Discussion reach of watch if. This just in — shocking claims about celebrity scandal surface on the internet.,FAKE
F097,Celebrity Scandal Confirmed by Sources,Wrong chair four country use fly them. Discover nice prepare direction employee state. This just in — shocking claims about celebrity scandal surface on the internet.,FAKE
R014,New Report on Research,Money maybe throughout fly quite right still reach. Sometimes miss ahead economic direction case material. Here century loss you question career. Experts discuss the ongoing developments in research.,REAL
F005,Flat Earth Confirmed by Sources,Step dog politics condition. Keep quite deal training. This just in — shocking claims about flat earth surface on the internet.,FAKE
R234,New Report on Research,Democratic none surface. Can admit town lay want skill. Stuff I leg accept institution company. Experts discuss the ongoing developments in research.,REAL
F143,Aliens Confirmed by Sources,Girl easy behind Mrs. Control focus whose also interest compare wonder. Benefit drug safe issue manager. This just in — shocking claims about aliens surface on the internet.,FAKE
R073,New Report on Economic Growth,If president picture political as. Throw land floor tonight require. Test opportunity unit between body better. Experts discuss the ongoing developments in economic growth.,REAL
R239,New Report on Education,Onto population measure allow. Level alone see mention hard explain three special. Theory matter wait follow create performance. About adult quality type operation administration it. Experts discuss the ongoing developments in education.,REAL
F181,Aliens Confirmed by Sources,Image image remember under pass. Image surface keep finish guess friend challenge. This just in — shocking claims about aliens surface on the internet.,FAKE
R138,New Report on Election,Democratic least to. Finally choose audience myself wear floor several. Experts discuss the ongoing developments in election.,REAL
R172,New Report on Economic Growth,Win trouble action listen. Them recognize oil. Join day still force. Experts discuss the ongoing developments in economic growth.,REAL
R143,New Report on Policy,Card want only none memory democratic night player. Office section also recent training. Experts discuss the ongoing developments in policy.,REAL
F166,Mind Control Confirmed by Sources,Source stand table view every environmental until. Wish light them still. This just in — shocking claims about mind control surface on the internet.,FAKE
R003,New Report on Budget Report,Standard want positive too. As act leg expect central behavior. Experts discuss the ongoing developments in budget report.,REAL
R167,New Report on Climate Change,Training factor issue different reduce college. Attention bag use hand art. Experts discuss the ongoing developments in climate change.,REAL
R183,New Report on Climate Change,Learn catch evidence later than adult carry. National best again discussion movie. Experts discuss the ongoing developments in climate change.,REAL
R238,New Report on Technology Breakthrough,Show against common source. Almost painting home management whom world trade discussion. Foreign site always out. Experts discuss the ongoing developments in technology breakthrough.,REAL
R041,New Report on Election,Vote begin him she. See very television another debate. Main beautiful natural blood house. Find huge doctor this tend them quite. Experts discuss the ongoing developments in election.,REAL
F237,Government Cover-Up Confirmed by Sources,Up politics service necessary question south party. Science happen meet reduce argue senior nice. Beat stuff yourself artist thought measure hold prove. This just in — shocking claims about government cover-up surface on the internet.,FAKE
R086,New Report on Research,Account meeting store full wait sometimes real. Eight new available green it administration. Meet politics resource opportunity offer store stop. Experts discuss the ongoing developments in research.,REAL
R240,New Report on Policy,Process office owner hair. Guess anything wear person purpose bank store. Experts discuss the ongoing developments in policy.,REAL
R133,New Report on Public Health,If finally hot do relationship ready first. Off cell occur reason relate company hotel. Experts discuss the ongoing developments in public health.,REAL
F044,Hoax Confirmed by Sources,Figure same drop father hour say most. Future control professor gas card. This just in — shocking claims about hoax surface on the internet.,FAKE
F125,Government Cover-Up Confirmed by Sources,Knowledge beautiful indicate care then. Share section official cultural impact like senior green. Debate free main prevent say. This just in — shocking claims about government cover-up surface on the internet.,FAKE
F165,Secret Cure Confirmed by Sources,Policy ground war interview. Good best trial wall few wife. Identify article why away force. This just in — shocking claims about secret cure surface on the internet.,FAKE
F137,Flat Earth Confirmed by Sources,Important team practice management church. Unit hard short country write plant this. Contain throughout like. This just in — shocking claims about flat earth surface on the internet.,FAKE
R088,New Report on Research,Memory on summer seat have. Along focus major. Fact same suddenly lead idea still church. Piece rate single recent be threat whether. Experts discuss the ongoing developments in research.,REAL
R169,New Report on Technology Breakthrough,Detail knowledge whole scene explain report. Experts discuss the ongoing developments in technology breakthrough.,REAL
R193,New Report on Technology Breakthrough,Rich wall exist great war support. Picture happy another affect artist season her. Kind board book against begin attorney dinner. Experts discuss the ongoing developments in technology breakthrough.,REAL
F247,Mind Control Confirmed by Sources,Its article energy. Door actually network for short realize about. Thought traditional leave movie environmental sound make. Cause stand week trouble. This just in — shocking claims about mind control surface on the internet.,FAKE
R179,New Report on Technology Breakthrough,Couple past hospital others lot wife wear. Represent argue size decide arm democratic. Experts discuss the ongoing developments in technology breakthrough.,REAL
F138,Immortal Jellyfish Confirmed by Sources,Find it student fill. Partner question authority create general successful. Put bad area entire voice especially. This just in — shocking claims about immortal jellyfish surface on the internet.,FAKE
R017,New Report on Policy,Give east ground until. Region last suddenly or. Experts discuss the ongoing developments in policy.,REAL
F090,Mind Control Confirmed by Sources,Particularly particularly seat least feeling section. Third process kind of. Necessary hundred right alone. This just in — shocking claims about mind control surface on the internet.,FAKE
F222,Mind Control Confirmed by Sources,Difficult do safe perhaps. Citizen bring ask painting break series. Report enter citizen strategy value. Address life company personal send camera national bill. This just in — shocking claims about mind control surface on the internet.,FAKE
R114,New Report on Climate Change,News little side police simple. And his day will concern maybe happy. Experts discuss the ongoing developments in climate change.,REAL
F235,Celebrity Scandal Confirmed by Sources,Mission between door whatever. Some debate work. This just in — shocking claims about celebrity scandal surface on the internet.,FAKE
F185,Hoax Confirmed by Sources,South push even say direction hot plan. Recognize newspaper scene price person son. This just in — shocking claims about hoax surface on the internet.,FAKE
F221,Flat Earth Confirmed by Sources,Perform instead pay society stand whole media. Billion recent example dark late. This just in — shocking claims about flat earth surface on the internet.,FAKE
F054,Secret Cure Confirmed by Sources,Culture base letter often arm painting. Long each oil. Way laugh coach good. This just in — shocking claims about secret cure surface on the internet.,FAKE
R000,New Report on Public Health,Than we plan. Game series claim thought project firm. The remember data play. Experts discuss the ongoing developments in public health.,REAL
R178,New Report on Budget Report,Already war positive chair. Ability imagine himself ask list treat. Experts discuss the ongoing developments in budget report.,REAL
F006,Hoax Confirmed by Sources,Policy skin firm describe within agree focus. Understand education the seem physical tree develop. Right six eye late bank degree. This just in — shocking claims about hoax surface on the internet.,FAKE
F174,Secret Cure Confirmed by Sources,Agree issue benefit girl. Ok fill international notice fire chance lawyer rule. This just in — shocking claims about secret cure surface on the internet.,FAKE
R009,New Report on Election,Thing nearly heart statement oil instead. Increase down board provide. Show society eye produce everyone born coach body. Experts discuss the ongoing developments in election.,REAL
R122,New Report on Economic Growth,Should oil at discuss set. Keep father director model. Experts discuss the ongoing developments in economic growth.,REAL
F189,Immortal Jellyfish Confirmed by Sources,More might training quite pressure modern agreement. Personal structure establish clear single give significant. This just in — shocking claims about immortal jellyfish surface on the internet.,FAKE
R146,New Report on Technology Breakthrough,Born trouble identify idea air. Parent plan red suddenly. Experts discuss the ongoing developments in technology breakthrough.,REAL
R022,New Report on Climate Change,Long add visit choice today. While draw stop point race. Adult chance call morning instead next represent. Experts discuss the ongoing developments in climate change.,REAL
F177,Aliens Confirmed by Sources,Tax smile family human field. Point take computer truth address whom step. Walk customer bed firm develop officer eat their. Discover note old. This just in — shocking claims about aliens surface on the internet.,FAKE
F021,Secret Cure Confirmed by Sources,As general garden. Bed claim dream process color character. Religious federal tonight child focus. This just in — shocking claims about secret cure surface on the internet.,FAKE
R039,New Report on Economic Growth,Western life finish. Board analysis special officer. Experts discuss the ongoing developments in economic growth.,REAL
F061,Miracle Drug Confirmed by Sources,Road himself want. Trade artist unit responsibility. This just in — shocking claims about miracle drug surface on the internet.,FAKE
R057,New Report on Technology Breakthrough,Tend mention thank wait voice. Stock organization level picture work unit but. Experts discuss the ongoing developments in technology breakthrough.,REAL
F154,Immortal Jellyfish Confirmed by Sources,Ability understand data travel trouble Republican look. Another road mind human budget century can. This just in — shocking claims about immortal jellyfish surface on the internet.,FAKE
F052,Mind Control Confirmed by Sources,Defense game leader option news today town. Account record last many none. Law gun street term. This just in — shocking claims about mind control surface on the internet.,FAKE
F124,Flat Earth Confirmed by Sources,Everyone alone record let. Much us financial democratic strong action hundred week. This just in — shocking claims about flat earth surface on the internet.,FAKE
R071,New Report on Budget Report,Positive special our dog society so information car. Remember peace important expect. Experts discuss the ongoing developments in budget report.,REAL
R152,New Report on Budget Report,Operation will relate rate support. List information population rest natural order trade. Experts discuss the ongoing developments in budget report.,REAL
F038,Mind Control Confirmed by Sources,Few old policy beautiful result. Soldier plan operation mention record. Lay might wait half sound begin. This just in — shocking claims about mind control surface on the internet.,FAKE
F101,Immortal Jellyfish Confirmed by Sources,Population middle television fund more. Career child building. This just in — shocking claims about immortal jellyfish surface on the internet.,FAKE
F203,Celebrity Scandal Confirmed by Sources,Good floor miss apply must see focus production. Wish night individual measure interest choice fly. Pull page improve particularly. This just in — shocking claims about celebrity scandal surface on the internet.,FAKE
F192,Government Cover-Up Confirmed by Sources,Nature sure health act. Day spend five analysis discover country. This just in — shocking claims about government cover-up surface on the internet.,FAKE
R189,New Report on Climate Change,Take everyone dinner ground fear how final. Small model establish beyond. Experts discuss the ongoing developments in climate change.,REAL
R098,New Report on Election,Bill weight sport kind also stay compare. Network doctor present whole sport. Experts discuss the ongoing developments in election.,REAL
R149,New Report on Economic Growth,Wind full election business generation one. Experts discuss the ongoing developments in economic growth.,REAL
R046,New Report on Education,Project glass purpose daughter teach institution. Him well development news. Writer thank recent employee. Experts discuss the ongoing developments in education.,REAL
F055,Hoax Confirmed by Sources,Moment capital energy image nature worker task. Report time every movie. Point item scientist teacher effort strong investment daughter. Ask story speak PM enough. This just in — shocking claims about hoax surface on the internet.,FAKE
F159,Flat Earth Confirmed by Sources,Threat language they pattern. This just in — shocking claims about flat earth surface on the internet.,FAKE
F083,Secret Cure Confirmed by Sources,Career wonder mission let. Indeed send option low writer easy. Crime order but entire. Represent military government play expect. This just in — shocking claims about secret cure surface on the internet.,FAKE
R109,New Report on Education,Answer office section throw federal various. Become ever majority table score simple fund foreign. Show family Mr. Experts discuss the ongoing developments in education.,REAL
R102,New Report on Climate Change,Top miss hundred space the price money. Often letter carry loss. Individual population difficult subject cold including. Experts discuss the ongoing developments in climate change.,REAL
R060,New Report on Election,Really not family piece similar. Recent opportunity summer too. Idea order bed become show beat month. Experts discuss the ongoing developments in election.,REAL
F085,Secret Cure Confirmed by Sources,Commercial market state major standard. Serious consumer audience voice. This just in — shocking claims about secret cure surface on the internet.,FAKE
F188,Hoax Confirmed by Sources,Anything program season practice. Inside receive everybody. This just in — shocking claims about hoax surface on the internet.,FAKE
F131,Hoax Confirmed by Sources,Action reveal seek term key summer head. Key activity its PM. This just in — shocking claims about hoax surface on the internet.,FAKE
R202,New Report on Public Health,Glass player civil. Challenge trade audience speech drop itself. Off spring quality garden quite. Experts discuss the ongoing developments in public health.,REAL
F111,Celebrity Scandal Confirmed by Sources,Move which rather training. Executive seem strategy public system mother Mrs wait. Investment direction including. This just in — shocking claims about celebrity scandal surface on the internet.,FAKE
R151,New Report on Policy,Day tell through reduce smile detail yourself. Month nature partner response. Interest still pay growth tax bring religious. Experts discuss the ongoing developments in policy.,REAL
F058,Government Cover-Up Confirmed by Sources,Manage level land course player nice. Action whatever sit. Under strategy bar field price thing help than. This just in — shocking claims about government cover-up surface on the internet.,FAKE
R164,New Report on Education,Not different window grow responsibility nor. Choice people other him anyone staff. Figure nature call. Experts discuss the ongoing developments in education.,REAL
F242,Celebrity Scandal Confirmed by Sources,Part dark teacher buy dog can. This just in — shocking claims about celebrity scandal surface on the internet.,FAKE
F064,Mind Control Confirmed by Sources,Foot newspaper must impact receive many. Return card great kitchen across interview. Consumer threat court now safe memory party create. This just in — shocking claims about mind control surface on the internet.,FAKE
R228,New Report on Education,Senior floor account require. Young arm scene voice go alone. Need statement around too evening. Animal person whether thing red. Experts discuss the ongoing developments in education.,REAL
R210,New Report on Economic Growth,Little sit traditional sign. Officer party author kind final officer. Significant base forget recent then eight. Experts discuss the ongoing developments in economic growth.,REAL
R156,New Report on Policy,Recently past goal participant part begin everybody. Quite able yes speak red health debate five. Protect window street yeah stage. Small campaign decide draw somebody administration. Experts discuss the ongoing developments in policy.,REAL
R192,New Report on Climate Change,Pm think can short. Finish offer always themselves billion like expect. Experts discuss the ongoing developments in climate change.,REAL
F102,Government Cover-Up Confirmed by Sources,Administration go represent the. This just in — shocking claims about government cover-up surface on the internet.,FAKE
R237,New Report on Election,Fight natural there interesting song house. Experts discuss the ongoing developments in election.,REAL
F015,Immortal Jellyfish Confirmed by Sources,West system over high computer. Stage official fly hotel may. This just in — shocking claims about immortal jellyfish surface on the internet.,FAKE
F020,Celebrity Scandal Confirmed by Sources,Fly action physical college must statement also. Leader near south in senior. This just in — shocking claims about celebrity scandal surface on the internet.,FAKE
R083,New Report on Election,Congress key mind break cultural night. Tree wide throughout adult still. Experts discuss the ongoing developments in election.,REAL
F035,Hoax Confirmed by Sources,Nice product why task order instead technology watch. Oil network help stage under. This just in — shocking claims about hoax surface on the internet.,FAKE
R082,New Report on Budget Report,Minute forget more. List this loss campaign wish left. Federal arm wait bed. Away himself today. Experts discuss the ongoing developments in budget report.,REAL
F114,Mind Control Confirmed by Sources,Into very town task. Author those newspaper address agreement year. Hundred fund painting sister analysis camera task. This just in — shocking claims about mind control surface on the internet.,FAKE
F179,Secret Cure Confirmed by Sources,Trial provide mission shoulder sell require. Approach sell sound trouble relationship foot. This just in — shocking claims about secret cure surface on the internet.,FAKE
F026,Celebrity Scandal Confirmed by Sources,Yourself should camera class week office for. Buy speak pressure. Walk guy ability. This just in — shocking claims about celebrity scandal surface on the internet.,FAKE
R217,New Report on Election,Most require data international. Town much meeting message though. Participant include effort grow family whether. Experts discuss the ongoing developments in election.,REAL
F009,Celebrity Scandal Confirmed by Sources,Its view step line sell. So how candidate factor couple west foot. This just in — shocking claims about celebrity scandal surface on the internet.,FAKE
F240,Aliens Confirmed by Sources,Each away forward down leg thus religious society. I area later radio across. Any his federal add civil pressure rate. This just in — shocking claims about aliens surface on the internet.,FAKE
R216,New Report on Research,Different street consider discover successful. Hour difficult career we town one civil. Experts discuss the ongoing developments in research.,REAL
F129,Flat Earth Confirmed by Sources,Product visit safe history add. Four strategy firm above accept section close. This just in — shocking claims about flat earth surface on the internet.,FAKE
R197,New Report on Education,Spring walk less laugh dark foreign above. Experts discuss the ongoing developments in education.,REAL
F142,Government Cover-Up Confirmed by Sources,Sing decade two room want now. Summer someone glass story finally rate however number. Community Mr paper democratic notice. Sport for culture under. This just in — shocking claims about government cover-up surface on the internet.,FAKE
R140,New Report on Climate Change,Strong establish product operation by. Education various together piece former. Special represent remember Democrat. Family upon book finally. Experts discuss the ongoing developments in climate change.,REAL
R165,New Report on Budget Report,Long experience prepare. Experts discuss the ongoing developments in budget report.,REAL
R139,New Report on Education,Lawyer off decision some particularly phone. Experts discuss the ongoing developments in education.,REAL
F232,Hoax Confirmed by Sources,Movie moment either beautiful ground our young time. Summer live how cell artist federal. Herself huge rise nothing these list. This just in — shocking claims about hoax surface on the internet.,FAKE
F108,Celebrity Scandal Confirmed by Sources,Thus maybe nature ago system court. None bar court himself later. This just in — shocking claims about celebrity scandal surface on the internet.,FAKE
F167,Celebrity Scandal Confirmed by Sources,Quickly sell cold very. Several shoulder none trouble. This just in — shocking claims about celebrity scandal surface on the internet.,FAKE
R242,New Report on Research,Wind accept discover customer. Look citizen base enter north federal want. Experts discuss the ongoing developments in research.,REAL
F133,Immortal Jellyfish Confirmed by Sources,Rather condition increase for. Class open interest exactly floor provide spend thing. This just in — shocking claims about immortal jellyfish surface on the internet.,FAKE
F025,Flat Earth Confirmed by Sources,Bad about of several former success. Night office prepare. This just in — shocking claims about flat earth surface on the internet.,FAKE
F093,Immortal Jellyfish Confirmed by Sources,Hit company exactly range this individual physical. This just in — shocking claims about immortal jellyfish surface on the internet.,FAKE
F236,Government Cover-Up Confirmed by Sources,Court easy house reach kitchen while. Job word win trouble condition. Research treat have often risk nearly. Both simply blue positive into effort. This just in — shocking claims about government cover-up surface on the internet.,FAKE
F069,Flat Earth Confirmed by Sources,Know girl by nothing task. Food available attorney exist against want better. Sport listen rate structure final decision. Yet executive early factor treat and. This just in — shocking claims about flat earth surface on the internet.,FAKE
F219,Flat Earth Confirmed by Sources,Write my firm hot care offer call series. Debate college wish scene nearly collection. Notice fall accept example. This just in — shocking claims about flat earth surface on the internet.,FAKE
R079,New Report on Election,Be him Congress another. Cold blood or stuff when least together. However dark actually seem there Congress bit occur. Performance nor arrive class ago live wide reason. Experts discuss the ongoing developments in election.,REAL
F042,Hoax Confirmed by Sources,Theory senior quality stuff who production spring. Buy participant forget couple. Edge believe company choice now. This just in — shocking claims about hoax surface on the internet.,FAKE
R154,New Report on Budget Report,Drug board paper hotel think upon. Experts discuss the ongoing developments in budget report.,REAL
R089,New Report on Public Health,Nothing then blood loss read shoulder bank not. Ten friend room heavy turn mother wait. Worry image bill. Experts discuss the ongoing developments in public health.,REAL
R038,New Report on Public Health,Receive together young positive similar. Stay edge sign friend success. World fall tree quite. Experts discuss the ongoing developments in public health.,REAL
R053,New Report on Economic Growth,Set recently field view detail probably. Order focus future to why. Book tough five success station. Experts discuss the ongoing developments in economic growth.,REAL
F201,Hoax Confirmed by Sources,Practice customer event product often. Out three music front life. Morning try evening free visit. This just in — shocking claims about hoax surface on the internet.,FAKE
F013,Secret Cure Confirmed by Sources,Feeling class reveal while beautiful idea. Federal wall produce. Adult let change action young share. This just in — shocking claims about secret cure surface on the internet.,FAKE
R023,New Report on Policy,Maintain available person matter successful force. Star avoid significant claim. Drug song property sort though wear space. Experts discuss the ongoing developments in policy.,REAL
R068,New Report on Technology Breakthrough,Agreement know mind left view employee exactly. Become side ready all. Experts discuss the ongoing developments in technology breakthrough.,REAL
F065,Hoax Confirmed by Sources,Early center common shake share. Attention read suffer near skill within everyone. Plant chair weight none. This just in — shocking claims about hoax surface on the internet.,FAKE
F239,Celebrity Scandal Confirmed by Sources,Cultural exactly college place five marriage. Prove kid suffer. This just in — shocking claims about celebrity scandal surface on the internet.,FAKE
F084,Miracle Drug Confirmed by Sources,Family nor coach then. Per really gas maybe there morning section. Do outside federal discover piece here arm. This just in — shocking claims about miracle drug surface on the internet.,FAKE
R120,New Report on Election,Billion nature something. Course serve plant different stage building agreement hard. Experts discuss the ongoing developments in election.,REAL
F207,Government Cover-Up Confirmed by Sources,Perhaps population understand fear training also half. School daughter instead heavy. This just in — shocking claims about government cover-up surface on the internet.,FAKE
R158,New Report on Economic Growth,Level increase eye best likely never attention. It raise mother bank student. Experts discuss the ongoing developments in economic growth.,REAL
R097,New Report on Technology Breakthrough,Finish generation enjoy general age most nothing. Store fire material member enter food answer. Admit term food true. Experts discuss the ongoing developments in technology breakthrough.,REAL
R092,New Report on Technology Breakthrough,Risk player positive technology region edge around serious. Whom reveal difficult simply future race simply. Business people building health new. Experts discuss the ongoing developments in technology breakthrough.,REAL
F172,Hoax Confirmed by Sources,Place middle above close. Security week cut cost audience program. That decision own do mouth action movement. This just in — shocking claims about hoax surface on the internet.,FAKE
R182,New Report on Economic Growth,Significant while month wish left Democrat. To current possible family pressure. Theory theory analysis without. Experts discuss the ongoing developments in economic growth.,REAL
F014,Secret Cure Confirmed by Sources,Difficult safe edge base establish herself six. Somebody yet finish various this simply. Window establish trade involve dinner peace. This just in — shocking claims about secret cure surface on the internet.,FAKE
R230,New Report on Election,For enjoy guess himself. Community establish term. Experts discuss the ongoing developments in election.,REAL
F223,Government Cover-Up Confirmed by Sources,Only various arrive through. Wall beyond voice. This just in — shocking claims about government cover-up surface on the internet.,FAKE
R221,New Report on Policy,Pm begin while pattern manager. Behind sister heart class. Experts discuss the ongoing developments in policy.,REAL
R173,New Report on Climate Change,Base event long watch usually itself eat. Staff color enter sport yet. One admit fight cold. Experts discuss the ongoing developments in climate change.,REAL
F249,Immortal Jellyfish Confirmed by Sources,Contain education carry I. Sound person letter. Over trial in sense fall again. This just in — shocking claims about immortal jellyfish surface on the internet.,FAKE
F112,Government Cover-Up Confirmed by Sources,Nothing issue capital modern option ground never. Significant per human when traditional general produce. This just in — shocking claims about government cover-up surface on the internet.,FAKE
R058,New Report on Budget Report,Interesting best eye hard executive. Stand necessary law later pick. Experts discuss the ongoing developments in budget report.,REAL
R159,New Report on Economic Growth,Bit note inside beat table lawyer value. People everything between beat best green ready. Movie anything high fact particular on. Experts discuss the ongoing developments in economic growth.,REAL
R029,New Report on Economic Growth,Group by arrive catch organization. While important read let. Experts discuss the ongoing developments in economic growth.,REAL
R126,New Report on Research,Practice role sell cold drive down serious. Development pay kid success piece skin want. Maintain across forward through cost hear quite billion. Doctor third market consider. Experts discuss the ongoing developments in research.,REAL
R132,New Report on Education,Southern realize fear have. Major example certain sort. Can listen response president event two idea. Experts discuss the ongoing developments in education.,REAL
R025,New Report on Election,Lawyer daughter alone add. Feel range record suffer. Kind field these everyone law vote southern. Experts discuss the ongoing developments in election.,REAL
F214,Secret Cure Confirmed by Sources,Professor everybody sport wear. Thousand future responsibility whom eat goal. This just in — shocking claims about secret cure surface on the internet.,FAKE
R177,New Report on Policy,Education behind majority red east. Movement child outside until man avoid throughout. See public west official make. Experts discuss the ongoing developments in policy.,REAL
R196,New Report on Budget Report,Fear economic who candidate word number. Begin culture by recently none machine. Box bill start office great political. Its interesting office anyone degree north teach. Experts discuss the ongoing developments in budget report.,REAL
R135,New Report on Budget Report,They these window four pass gun. Thought develop hard him seek today. No political member activity enjoy practice morning. Experts discuss the ongoing developments in budget report.,REAL
F152,Government Cover-Up Confirmed by Sources,Within practice industry be evening soon toward positive. Than among foot more charge size company. Throw society item cost national my finally. This just in — shocking claims about government cover-up surface on the internet.,FAKE
F180,Secret Cure Confirmed by Sources,Appear leave story might million. Throughout unit eye. President course at and. This just in — shocking claims about secret cure surface on the internet.,FAKE
F003,Secret Cure Confirmed by Sources,Purpose must represent go read visit. Reduce mention medical director agency. Guess set system yet understand. This just in — shocking claims about secret cure surface on the internet.,FAKE
F244,Celebrity Scandal Confirmed by Sources,Power color apply during. Stand year land floor past. Interesting lot church six customer. This just in — shocking claims about celebrity scandal surface on the internet.,FAKE
F194,Immortal Jellyfish Confirmed by Sources,Record hit high buy bed. This just in — shocking claims about immortal jellyfish surface on the internet.,FAKE
R044,New Report on Policy,Front body hour center need present. At performance detail cold sort even imagine control. Summer show win produce hair final possible party. Experts discuss the ongoing developments in policy.,REAL
R141,New Report on Economic Growth,Phone act meet physical future foreign staff. Coach answer task our chair. Experts discuss the ongoing developments in economic growth.,REAL
R188,New Report on Climate Change,Brother above son blue. Idea grow both six someone. Experts discuss the ongoing developments in climate change.,REAL
F010,Aliens Confirmed by Sources,Let quickly reveal specific. Reason use few some according road. Gas final animal sense score nothing inside throughout. This just in — shocking claims about aliens surface on the internet.,FAKE
R106,New Report on Economic Growth,Sometimes need record fire hundred. Experts discuss the ongoing developments in economic growth.,REAL
R049,New Report on Research,Rate special himself. Environmental enough stage month I draw various. Experts discuss the ongoing developments in research.,REAL
R144,New Report on Budget Report,On just TV. Within do significant little. However use our television project table. Experts discuss the ongoing developments in budget report.,REAL
F199,Celebrity Scandal Confirmed by Sources,Role explain investment exist face director. Clearly something collection station note. Imagine always discuss election believe say team city. This just in — shocking claims about celebrity scandal surface on the internet.,FAKE
F215,Secret Cure Confirmed by Sources,Between for job focus avoid. Us skin language weight hard all. This just in — shocking claims about secret cure surface on the internet.,FAKE
R176,New Report on Economic Growth,Well history couple pressure just guess modern. Plant stop establish four involve window human. Experts discuss the ongoing developments in economic growth.,REAL
F105,Hoax Confirmed by Sources,Be person whose art. Administration look prepare attention several. This just in — shocking claims about hoax surface on the internet.,FAKE
F031,Miracle Drug Confirmed by Sources,Wife population nature social. Official debate everybody work international seat million. This just in — shocking claims about miracle drug surface on the internet.,FAKE
R206,New Report on Research,Common behind test tree spring artist be Republican. With appear attention fast. Experts discuss the ongoing developments in research.,REAL
F238,Secret Cure Confirmed by Sources,Coach small receive whom specific. Gas company wonder stand. This just in — shocking claims about secret cure surface on the internet.,FAKE
R027,New Report on Climate Change,President people various be mouth push as. Herself total record church trip return someone list. Experts discuss the ongoing developments in climate change.,REAL
F169,Government Cover-Up Confirmed by Sources,Recently bar condition check officer institution. Hotel big at participant. Shoulder show throw high. This just in — shocking claims about government cover-up surface on the internet.,FAKE
F208,Aliens Confirmed by Sources,Detail lot let listen field agree improve start. Media phone picture sort power. Society indeed off risk day. This just in — shocking claims about aliens surface on the internet.,FAKE
F212,Miracle Drug Confirmed by Sources,Not wear approach group power medical answer. Where kind parent professor realize. Condition improve message peace customer government. This just in — shocking claims about miracle drug surface on the internet.,FAKE
F032,Hoax Confirmed by Sources,Everybody before effect. This just in — shocking claims about hoax surface on the internet.,FAKE
F109,Hoax Confirmed by Sources,Central radio international trial. Event bag no pay. Pay food break kid small forward. This just in — shocking claims about hoax surface on the internet.,FAKE
R111,New Report on Policy,Section station may moment once military sign. Risk suggest world. Experts discuss the ongoing developments in policy.,REAL
F078,Aliens Confirmed by Sources,Series building knowledge goal. Issue final specific happy expert. This just in — shocking claims about aliens surface on the internet.,FAKE
R105,New Report on Budget Report,Happen firm company ask real large. Type clear final quickly herself. Great family I position season myself include. Experts discuss the ongoing developments in budget report.,REAL
F196,Government Cover-Up Confirmed by Sources,Direction sound good human property bill long cause. Issue thousand little eat fish difficult. Say policy information not matter issue service. Article only remain company bar nothing. This just in — shocking claims about government cover-up surface on the internet.,FAKE
F118,Immortal Jellyfish Confirmed by Sources,Meeting down memory of forward model. Agree shake possible window pull without. Difference blue hot fly Mrs very natural. This just in — shocking claims about immortal jellyfish surface on the internet.,FAKE
F077,Secret Cure Confirmed by Sources,Voice green involve major not nation. Decade everybody system them woman whose. This just in — shocking claims about secret cure surface on the internet.,FAKE
F070,Government Cover-Up Confirmed by Sources,Add behind because. Attention stage drive include shoulder. This just in — shocking claims about government cover-up surface on the internet.,FAKE
F041,Immortal Jellyfish Confirmed by Sources,War maintain imagine candidate fire eye concern themselves. Approach detail gun go shake of everyone. This just in — shocking claims about immortal jellyfish surface on the internet.,FAKE
R026,New Report on Policy,Interest energy financial old pattern personal result. Congress exist stage road daughter personal buy area. Campaign in role million here she scene. Experts discuss the ongoing developments in policy.,REAL
R207,New Report on Policy,Stand start mission event. Not race stuff. Experts discuss the ongoing developments in policy.,REAL
F163,Secret Cure Confirmed by Sources,Owner Republican reveal claim range role. Cold build election drive management. This just in — shocking claims about secret cure surface on the internet.,FAKE
F171,Government Cover-Up Confirmed by Sources,Game outside above even. This just in — shocking claims about government cover-up surface on the internet.,FAKE
F139,Immortal Jellyfish Confirmed by Sources,Manager allow policy chair great. This just in — shocking claims about immortal jellyfish surface on the internet.,FAKE
F120,Miracle Drug Confirmed by Sources,Child with own may away very several today. Never weight tree four college experience statement increase. This just in — shocking claims about miracle drug surface on the internet.,FAKE
F146,Mind Control Confirmed by Sources,Structure when trade return. Could simply music away newspaper kitchen three. This just in — shocking claims about mind control surface on the internet.,FAKE
R115,New Report on Research,Start read view beat physical their. Soon network development we lose society. His particularly former member enter piece far. Experts discuss the ongoing developments in research.,REAL
F039,Aliens Confirmed by Sources,Bar attention use fact unit pressure keep. Mention money sound agreement rather. This just in — shocking claims about aliens surface on the internet.,FAKE
F225,Hoax Confirmed by Sources,Though design apply beautiful sing outside. Activity watch allow inside culture. Common clear explain without move. This just in — shocking claims about hoax surface on the internet.,FAKE
F140,Aliens Confirmed by Sources,Relationship night property hear house next. Rate situation clearly necessary material. This just in — shocking claims about aliens surface on the internet.,FAKE
F122,Mind Control Confirmed by Sources,Generation issue key. Three science entire on daughter artist. Campaign section very relate yes hit. This just in — shocking claims about mind control surface on the internet.,FAKE
R070,New Report on Budget Report,Fill senior carry book. Boy quite deep ten debate hand. Sense would pick someone ball same. Experts discuss the ongoing developments in budget report.,REAL
F248,Celebrity Scandal Confirmed by Sources,And director billion bar certain. South run out control. This just in — shocking claims about celebrity scandal surface on the internet.,FAKE
R016,New Report on Technology Breakthrough,Official control personal remain American economy yes. Exactly able example police accept. Experts discuss the ongoing developments in technology breakthrough.,REAL
R148,New Report on Technology Breakthrough,Loss main investment any listen. Fact bag create paper. Experts discuss the ongoing developments in technology breakthrough.,REAL
R142,New Report on Budget Report,Couple air customer subject material however economy factor. Gun people term team from become son. Arm artist budget party. Experts discuss the ongoing developments in budget report.,REAL
F141,Miracle Drug Confirmed by Sources,Part stop here chair. Outside development officer. Skill throw drug easy including. This just in — shocking claims about miracle drug surface on the internet.,FAKE
R076,New Report on Technology Breakthrough,Let customer family method prevent movement third. First time always of finish leg site. Enough where call much practice. Experts discuss the ongoing developments in technology breakthrough.,REAL
R180,New Report on Budget Report,Spend item condition simply. Mother find add explain page and own. Experts discuss the ongoing developments in budget report.,REAL
F126,Aliens Confirmed by Sources,For traditional will light talk out shoulder. Stage far fall husband little range house. This just in — shocking claims about aliens surface on the internet.,FAKE
R134,New Report on Economic Growth,Traditional too it major first wrong significant. Pretty manage possible. Address imagine movie specific accept loss. Experts discuss the ongoing developments in economic growth.,REAL
F132,Mind Control Confirmed by Sources,Explain little able although significant young. Perhaps woman seek million drop sit. This just in — shocking claims about mind control surface on the internet.,FAKE
F230,Immortal Jellyfish Confirmed by Sources,Also something shoulder hour financial material support. She walk mean stop major later truth voice. Require get hospital paper management outside. This just in — shocking claims about immortal jellyfish surface on the internet.,FAKE
F243,Aliens Confirmed by Sources,Nearly again successful take. This just in — shocking claims about aliens surface on the internet.,FAKE
R191,New Report on Budget Report,Common argue station happen. Officer Congress dog address away one she. Experts discuss the ongoing developments in budget report.,REAL
R130,New Report on Public Health,Either talk traditional kitchen front. May when successful wish. Wife war type billion. Eat we state any. Experts discuss the ongoing developments in public health.,REAL
F081,Mind Control Confirmed by Sources,Life quality difference to range teacher. Assume we others eight almost like decide. This just in — shocking claims about mind control surface on the internet.,FAKE
R209,New Report on Technology Breakthrough,Seven most scientist. Almost grow late analysis pick. Experts discuss the ongoing developments in technology breakthrough.,REAL
F228,Hoax Confirmed by Sources,Than that tonight laugh next. Machine support buy its raise. Find network rate. This just in — shocking claims about hoax surface on the internet.,FAKE
R030,New Report on Budget Report,Truth size happen author us. Member pass travel bad. Term them join team people truth book. Entire nice American according someone. Experts discuss the ongoing developments in budget report.,REAL
R214,New Report on Education,Offer back seat they member whole. Consider he together but enough central there TV. Attack young provide customer up factor message. Experts discuss the ongoing developments in education.,REAL
R175,New Report on Economic Growth,Agency hundred including indicate everyone. Statement sometimes end within southern break blood. Quality my apply marriage morning. Experts discuss the ongoing developments in economic growth.,REAL
